{"global_step": 0, "_timestamp": 1690208009.1111863, "_runtime": 8.336609363555908, "_step": 0, "_wandb": {"runtime": 7}}