{"global_step": 0, "_timestamp": 1690208098.7477443, "_runtime": 8.881889343261719, "_step": 0, "_wandb": {"runtime": 7}}