{"global_step": 0, "_timestamp": 1690211418.0853615, "_runtime": 7.986018419265747, "_step": 0, "_wandb": {"runtime": 6}}