{"global_step": 0, "_timestamp": 1690207311.9828308, "_runtime": 8.400127649307251, "_step": 0, "_wandb": {"runtime": 7}}