{"global_step": 67525, "_timestamp": 1690239938.994741, "rollout/ep_len_mean": 408.3699951171875, "rollout/ep_rew_mean": -0.9385679960250854, "rollout/exploration rate": 0.05000000074505806, "time/fps": 706.0, "_runtime": 630.7043609619141, "_step": 40, "train/learning_rate": 9.999999747378752e-05, "train/loss": 1.2094447754407156e-07, "_wandb": {"runtime": 647}}