{"global_step": 499945, "_timestamp": 1690210908.1971893, "_runtime": 264.3830873966217, "_step": 9107, "charts/episodic_return": 500.0, "charts/episodic_length": 500.0, "charts/epsilon": 0.05000000074505806, "losses/td_loss": 0.1869346797466278, "losses/q_values": 101.4633560180664, "charts/SPS": 1952.0, "_wandb": {"runtime": 263}}