{"videos": {"_type": "video-file", "sha256": "6f720df736fd401b51317f2f269c77014350c42481971ff2ba687804d9b4269e", "size": 20551, "path": "media/videos/videos_13_6f720df736fd401b5131.mp4"}, "_timestamp": 1690211760.4456425, "_runtime": 305.1789333820343, "_step": 9121, "global_step": 499945, "charts/episodic_return": 500.0, "charts/episodic_length": 500.0, "charts/epsilon": 0.05000000074505806, "losses/td_loss": 0.1869346797466278, "losses/q_values": 101.4633560180664, "charts/SPS": 1681.0, "_wandb": {"runtime": 304}}