{"global_step": 0, "_timestamp": 1690211294.590018, "_runtime": 8.628628015518188, "_step": 0, "_wandb": {"runtime": 7}}